riverId,nextRiverId,lake_id,region,note
110494343,110496967,29,1020000010,"37,226 km2 arm into the 42,305 km2 terminal at -7.880N 32.241E"
110292150,110335446,236,1020000010,"373 km2 arm into the 15,064 km2 terminal at -2.547N 35.974E"
110317079,110335446,236,1020000010,"737 km2 arm into the 15,064 km2 terminal at -2.547N 35.974E"
280317616,280326833,52,2020065840,"2,488 km2 arm into the 43,506 km2 terminal at 41.897N 57.453E"
290210614,290256020,56,2020071190,"4,176 km2 arm into the 11,434 km2 terminal at 38.644N 42.947E"
290225745,290256020,56,2020071190,"256 km2 arm into the 11,434 km2 terminal at 38.644N 42.947E"
290249140,290256020,56,2020071190,"3,550 km2 arm into the 11,434 km2 terminal at 38.644N 42.947E"
310501619,310527411,119,3020000010,"3,113 km2 arm into the 64,092 km2 terminal at 50.411N 68.896E"
360070795,360078283,121,3020024310,"3,074 km2 arm into the 134,675 km2 terminal at 49.114N 93.401E"
360074747,360078283,121,3020024310,"3,366 km2 arm into the 134,675 km2 terminal at 49.114N 93.401E"
541095724,541101100,168,5020049720,"6,292 km2 arm into the 53,937 km2 terminal at -18.799N 135.650E"
